Artículo,Componente,Unidad,Cantidad
20012.01 GPOL CARVEDIL 12.5,CARVEDILOL,g,"4.375,00"
20012.01 GPOL CARVEDIL 12.5,EXCIPRESS SD2L,g,"36.925,00"
20012.01 GPOL CARVEDIL 12.5,VIVAPUR PH 200,g,"23.800,00"
20012.01 GPOL CARVEDIL 12.5,VIVASOL GF,g,"2.800,00"
20012.01 GPOL CARVEDIL 12.5,TALCO,g,"700,00"
20012.01 GPOL CARVEDIL 12.5,ESTEARATO DE MAGNESIO,g,"1.400,00"
20012.02 GCOM CARVEDIL 12.5,GPOL CARVEDIL 12.5,kg,"70,00"
20012.04 GBLI CARVEDIL 12.5 X 10,GCOM CARVEDIL 12.5,Uni,"350.000,00"
20002.02 GCOM ADEPROST 50,PYGEUM AFRICANUM,g,"4.025,00"
20002.02 GCOM ADEPROST 50,VIVAPUR PH 102,g,"7.000,00"
20002.02 GCOM ADEPROST 50,EXCIPRESS SD2,g,"4.795,00"
20002.02 GCOM ADEPROST 50,ÓXIDO DE MAGNESIO LIVIANO,g,"2.800,00"
20002.02 GCOM ADEPROST 50,VIVASOL GF,g,"490,00"
20002.02 GCOM ADEPROST 50,AEROSIL 200,g,"392,00"
20002.02 GCOM ADEPROST 50,ESTEARATO DE MAGNESIO,g,"98,00"
20002.01 GPOL ADEPROST 50,PYGEUM AFRICANUM,g,"3.850,00"
20002.01 GPOL ADEPROST 50,VIVAPUR PH 102,g,"7.000,00"
20002.01 GPOL ADEPROST 50,EXCIPRESS SD2L,g,"4.970,00"
20002.01 GPOL ADEPROST 50,ÓXIDO DE MAGNESIO LIVIANO,g,"2.800,00"
20002.01 GPOL ADEPROST 50,VIVASOL GF,g,"490,00"
20002.01 GPOL ADEPROST 50,AEROSIL 200,g,"392,00"
20002.01 GPOL ADEPROST 50,ESTEARATO DE MAGNESIO,g,"98,00"
20061.01 GPOL AGOMET,AGOMELATINA,g,"1.250,00"
20061.01 GPOL AGOMET,EXCIPRESS SD2,g,"4.715,00"
20061.01 GPOL AGOMET,STARCH 1500,g,"2.021,00"
20061.01 GPOL AGOMET,VIVAPUR PH 200,g,"599,00"
20061.01 GPOL AGOMET,AEROSIL 200,g,"25,00"
20061.01 GPOL AGOMET,VIVASTAR P,g,"400,00"
20061.01 GPOL AGOMET,PVP K30,g,"690,00"
20061.01 GPOL AGOMET,ESTEARATO DE MAGNESIO,g,"100,00"
20061.01 GPOL AGOMET,ÁCIDO ESTEÁRICO TERCERISTA,g,"200,00"
20003.01 GGRAN ALLOFED 100,ALLOPURINOL,g,"40.000,00"
20003.01 GGRAN ALLOFED 100,LACTOSA MONOHIDRATO MALLA 200,g,"20.000,00"
20003.01 GGRAN ALLOFED 100,ALMIDÓN DE MAIZ,g,"4.200,00"
20003.01 GGRAN ALLOFED 100,VIVAPUR PH 101,g,"8.000,00"
20003.01 GGRAN ALLOFED 100,PVP K30,g,"2.000,00"
20003.01 GGRAN ALLOFED 100,ALCOHOL,L,"20,00"
20003.01 GGRAN ALLOFED 100,VIVASOL GF,g,"1.600,00"
20003.01 GGRAN ALLOFED 100,ESTEARATO DE MAGNESIO,g,"400,00"
20005.01 GGRAN ALLOFED 300,ALLOPURINOL,g,"36.000,00"
20005.01 GGRAN ALLOFED 300,LACTOSA MONOHIDRATO MALLA 200,g,"18.000,00"
20005.01 GGRAN ALLOFED 300,ALMIDÓN DE MAIZ,g,"3.900,00"
20005.01 GGRAN ALLOFED 300,VIVAPUR PH 101,g,"5.640,00"
20005.01 GGRAN ALLOFED 300,PVP K30,g,"1.080,00"
20005.01 GGRAN ALLOFED 300,ALCOHOL,L,"24,00"
20005.01 GGRAN ALLOFED 300,VIVASOL GF,g,"1.020,00"
20005.01 GGRAN ALLOFED 300,AEROSIL 200,g,"336,00"
20005.01 GGRAN ALLOFED 300,ESTEARATO DE MAGNESIO,g,"324,00"
20008.01 GPOL BUPRIL SR,BUPROPION CLORHIDRATO,g,"25.000,00"
20008.01 GPOL BUPRIL SR,L-CISTEÍNA  MONOHIDRATO CLORHIDRATO,g,"1.330,00"
20008.01 GPOL BUPRIL SR,VIVAPUR PH 102,g,"12.170,00"
20008.01 GPOL BUPRIL SR,STARCH 1500,g,"2.500,00"
20008.01 GPOL BUPRIL SR,METHOLOSE 15000,g,"11.330,00"
20008.01 GPOL BUPRIL SR,AEROSIL 200,g,"330,00"
20008.01 GPOL BUPRIL SR,ESTEARATO DE MAGNESIO,g,"670,00"
20010.01 GPOL CALERNID 10,LERCANIDIPINA CLORHIDRATO,g,"6.000,00"
20010.01 GPOL CALERNID 10,VIVAPUR PH 200,g,"24.000,00"
20010.01 GPOL CALERNID 10,LACTOSA SUPERTAB® 11SD AUTOCOMPRESIBLE,g,"18.000,00"
20010.01 GPOL CALERNID 10,VIVASTAR P,g,"9.600,00"
20010.01 GPOL CALERNID 10,ESTEARATO DE MAGNESIO,g,"600,00"
20013.01 GGRAN CARVEDIL 25,CARVEDILOL,g,"7.500,00"
20013.01 GGRAN CARVEDIL 25,LACTOSA SUPERTAB® 11SD AUTOCOMPRESIBLE,g,"13.440,00"
20013.01 GGRAN CARVEDIL 25,VIVAPUR PH 200,g,"6.000,00"
20013.01 GGRAN CARVEDIL 25,VIVASOL GF,g,"1.200,00"
20013.01 GGRAN CARVEDIL 25,TALCO,g,"900,00"
20013.01 GGRAN CARVEDIL 25,AEROSIL 200,g,"360,00"
20013.01 GGRAN CARVEDIL 25,ESTEARATO DE MAGNESIO,g,"600,00"
20013.01 GGRAN CARVEDIL 25,ALCOHOL,L,"6,00"
20015.01 GGRAN CILOZOL 100,CILOSTAZOL,g,"10.000,00"
20015.01 GGRAN CILOZOL 100,VIVAPUR PH 101,g,"3.850,00"
20015.01 GGRAN CILOZOL 100,PVP K30,g,"250,00"
20015.01 GGRAN CILOZOL 100,VIVASTAR P,g,"660,00"
20015.01 GGRAN CILOZOL 100,LAURIL SULFATO DE SODIO POLVO,g,"80,00"
20015.01 GGRAN CILOZOL 100,ALMIDÓN DE MAIZ,g,"2.300,00"
20015.01 GGRAN CILOZOL 100,AEROSIL 200,g,"120,00"
20015.01 GGRAN CILOZOL 100,PROSOLV SMCC 90,g,"6.680,00"
20015.01 GGRAN CILOZOL 100,ESTEARATO DE MAGNESIO,g,"240,00"
20015.01 GGRAN CILOZOL 100,ALCOHOL,L,"3,80"
20016.01 GGRAN CIPRAM S10,ESCITALOPRAM OXALATO,g,"3.830,00"
20016.01 GGRAN CIPRAM S10,STARCH 1500,g,"5.820,00"
20016.01 GGRAN CIPRAM S10,VIVAPUR PH 200,g,"26.250,00"
20016.01 GGRAN CIPRAM S10,VIVAPUR PH 102,g,"6.370,00"
20016.01 GGRAN CIPRAM S10,LAURIL SULFATO DE SODIO POLVO,g,"180,00"
20016.01 GGRAN CIPRAM S10,ESTEARATO DE MAGNESIO,g,"300,00"
20016.01 GGRAN CIPRAM S10,PVP K30,g,"900,00"
20016.01 GGRAN CIPRAM S10,VIVASOL GF,g,"1.350,00"
20016.01 GGRAN CIPRAM S10,ALCOHOL,L,"18,00"
20018.01 GGRAN CIPRAM S20,ESCITALOPRAM OXALATO,g,"6.385,00"
20018.01 GGRAN CIPRAM S20,STARCH 1500,g,"9.700,00"
20018.01 GGRAN CIPRAM S20,VIVAPUR PH 200,g,"43.750,00"
20018.01 GGRAN CIPRAM S20,VIVAPUR PH 102,g,"10.615,00"
20018.01 GGRAN CIPRAM S20,LAURIL SULFATO DE SODIO POLVO,g,"300,00"
20018.01 GGRAN CIPRAM S20,ESTEARATO DE MAGNESIO,g,"500,00"
20018.01 GGRAN CIPRAM S20,PVP K30,g,"1.500,00"
20018.01 GGRAN CIPRAM S20,VIVASOL GF,g,"2.250,00"
20018.01 GGRAN CIPRAM S20,ALCOHOL,L,"46,15"
20020.01 GPOL CLOPIGREL,CLOPIDOGREL BISULFATO,g,"25.000,00"
20020.01 GPOL CLOPIGREL,STARCH 1500,g,"5.440,00"
20020.01 GPOL CLOPIGREL,LACTOSA SUPERTAB® 11SD AUTOCOMPRESIBLE,g,"19.410,00"
20020.01 GPOL CLOPIGREL,VIVAPUR PH 101,g,"21.220,00"
20020.01 GPOL CLOPIGREL,VIVASOL GF,g,"2.220,00"
20020.01 GPOL CLOPIGREL,ESTEARATO DE MAGNESIO,g,"380,00"
20020.01 GPOL CLOPIGREL,AEROSIL 200,g,"380,00"
20025.01 GPOL EVRY 10,ÁCIDO FÓLICO,g,"2.950,00"
20025.01 GPOL EVRY 10,LACTOSA SUPERTAB® 11SD AUTOCOMPRESIBLE,g,"19.775,00"
20025.01 GPOL EVRY 10,VIVASOL GF,g,"1.000,00"
20025.01 GPOL EVRY 10,LAURIL SULFATO DE SODIO POLVO,g,"25,00"
20025.01 GPOL EVRY 10,ESTEARATO DE MAGNESIO,g,"250,00"
20025.01 GPOL EVRY 10,VIVAPUR PH 200,g,"6.000,00"
20031.01 GPOL GALTAMIN 8,GALANTAMINA BROMHIDRATO,g,"984,00"
20031.01 GPOL GALTAMIN 8,STARCH 1500,g,"1.440,00"
20031.01 GPOL GALTAMIN 8,LACTOSA SUPERTAB® 11SD AUTOCOMPRESIBLE,g,"4.325,00"
20031.01 GPOL GALTAMIN 8,VIVAPUR PH 102,g,"2.112,00"
20031.01 GPOL GALTAMIN 8,VIVAPUR PH 200,g,"2.112,00"
20031.01 GPOL GALTAMIN 8,ESTEARATO DE MAGNESIO,g,"67,00"
20036.01 GPOL LESTEROL 10,ROSUVASTATINA CÁLCICA,g,"3.120,00"
20036.01 GPOL LESTEROL 10,STARCH 1500,g,"4.500,00"
20036.01 GPOL LESTEROL 10,VIVAPUR PH 200,g,"34.630,00"
20036.01 GPOL LESTEROL 10,VIVASOL GF,g,"2.100,00"
20036.01 GPOL LESTEROL 10,AEROSIL 200,g,"150,00"
20036.01 GPOL LESTEROL 10,ESTEARATO DE MAGNESIO,g,"500,00"
20038.01 GPOL LESTEROL 20,ROSUVASTATINA CÁLCICA,g,"3.120,00"
20038.01 GPOL LESTEROL 20,STARCH 1500,g,"4.500,00"
20038.01 GPOL LESTEROL 20,VIVAPUR PH 200,g,"34.630,00"
20038.01 GPOL LESTEROL 20,VIVASOL GF,g,"2.100,00"
20038.01 GPOL LESTEROL 20,AEROSIL 200,g,"150,00"
20038.01 GPOL LESTEROL 20,ESTEARATO DE MAGNESIO,g,"500,00"
20040.01 GPOL MONKAST 10,MONTELUKAST SÓDICO,g,"3.992,00"
20040.01 GPOL MONKAST 10,VIVAPUR PH 102,g,"17.328,00"
20040.01 GPOL MONKAST 10,EXCIPRESS SD2L,g,"45.560,00"
20040.01 GPOL MONKAST 10,KOLLIDON VA 64,g,"2.280,00"
20040.01 GPOL MONKAST 10,VIVASOL GF,g,"1.520,00"
20040.01 GPOL MONKAST 10,STARCH 1500,g,"3.800,00"
20040.01 GPOL MONKAST 10,AEROSIL 200,g,"760,00"
20040.01 GPOL MONKAST 10,ESTEARATO DE MAGNESIO,g,"760,00"
20043.01 GGRAN NOASARTÁN 300,IRBESARTAN,g,"30.000,00"
20043.01 GGRAN NOASARTÁN 300,STARCH 1500,g,"8.000,00"
20043.01 GGRAN NOASARTÁN 300,LACTOSA MONOHIDRATO MALLA 200,g,"28.100,00"
20043.01 GGRAN NOASARTÁN 300,VIVASOL GF,g,"1.400,00"
20043.01 GGRAN NOASARTÁN 300,ESTEARATO DE MAGNESIO,g,"400,00"
20043.01 GGRAN NOASARTÁN 300,PVP K30,g,"2.100,00"
20043.01 GGRAN NOASARTÁN 300,ALCOHOL,L,"17,50"
20046.01 GPOL TERLADEP,MIRTAZAPINA,g,"7.500,00"
20046.01 GPOL TERLADEP,STARCH 1500,g,"8.750,00"
20046.01 GPOL TERLADEP,EXCIPRESS SD2,g,"27.125,00"
20046.01 GPOL TERLADEP,VIVAPUR PH 101,g,"20.525,00"
20046.01 GPOL TERLADEP,VIVAPUR PH 200,g,"7.500,00"
20046.01 GPOL TERLADEP,ESTEARATO DE MAGNESIO,g,"375,00"
20046.01 GPOL TERLADEP,AEROSIL 200,g,"725,00"
20051.01 GPOL TOPILEP 25,TOPIRAMATO,g,"15.000,00"
20051.01 GPOL TOPILEP 25,STARCH 1500,g,"4.520,00"
20051.01 GPOL TOPILEP 25,VIVAPUR PH 101,g,"36.000,00"
20051.01 GPOL TOPILEP 25,VIVASOL GF,g,"1.800,00"
20051.01 GPOL TOPILEP 25,AEROSIL 200,g,"580,00"
20051.01 GPOL TOPILEP 25,ESTEARATO DE MAGNESIO,g,"300,00"
20052.01 GPOL TOPILEP 50,TOPIRAMATO,g,"25.000,00"
20052.01 GPOL TOPILEP 50,STARCH 1500,g,"7.875,00"
20052.01 GPOL TOPILEP 50,VIVAPUR PH 101,g,"22.750,00"
20052.01 GPOL TOPILEP 50,VIVASOL GF,g,"2.250,00"
20052.01 GPOL TOPILEP 50,VIVAPUR PH 200,g,"13.525,00"
20052.01 GPOL TOPILEP 50,AEROSIL 200,g,"725,00"
20052.01 GPOL TOPILEP 50,ESTEARATO DE MAGNESIO,g,"375,00"
20053.01 GPOL TOPILEP 100,TOPIRAMATO,g,"25.000,00"
20053.01 GPOL TOPILEP 100,STARCH 1500,g,"7.875,00"
20053.01 GPOL TOPILEP 100,VIVAPUR PH 101,g,"22.750,00"
20053.01 GPOL TOPILEP 100,VIVAPUR PH 200,g,"13.525,00"
20053.01 GPOL TOPILEP 100,VIVASOL GF,g,"2.250,00"
20053.01 GPOL TOPILEP 100,AEROSIL 200,g,"725,00"
20053.01 GPOL TOPILEP 100,ESTEARATO DE MAGNESIO,g,"375,00"
20054.01 GGRAN URALYT,CITRATO TRIPOTÁSICO MONOHIDRATO,g,"67.486,00"
20054.01 GGRAN URALYT,ACIDO CÍTRICO ANHIDRO,g,"14.022,00"
20054.01 GGRAN URALYT,VIVAPHARM HPMC E 15,g,"252,00"
20054.01 GGRAN URALYT,SACARINA SÓDICA,g,"420,00"
20054.01 GGRAN URALYT,ESENCIA DE NARANJA EN POLVO CF,g,"420,00"
20054.01 GGRAN URALYT,LACTOSA MONOHIDRATO MALLA 200,g,"3.564,00"
20054.01 GGRAN URALYT,AGUA PURIFICADA,L,"2,60"
31P00982 ACTIPUR BB COLOR CLARO x 30 mL,GCOS ACTIPUR BB COLOR CLARO x 30 mL,Uni,"1,00"
31P00982 ACTIPUR BB COLOR CLARO x 30 mL,ETIQUETA ACTIPUR BB COLOR CLARO x 30 mL,Uni,"1,00"
32P00983 MM ACTIPUR BB COLOR CLARO x 5 mL,GCOS MM ACTIPUR BB COLOR CLARO x 5 mL,Uni,"1,00"
32P00983 MM ACTIPUR BB COLOR CLARO x 5 mL,ETIQUETA MM ACTIPUR BB COLOR CLARO x 5 mL,Uni,"1,00"
31P00984 ACTIPUR BB COLOR DORADO x 30 mL,GCOS ACTIPUR BB COLOR DORADO x 30 mL,Uni,"1,00"
31P00984 ACTIPUR BB COLOR DORADO x 30 mL,ETIQUETA ACTIPUR BB COLOR DORADO x 30 mL,Uni,"1,00"
32P00985 MM ACTIPUR BB COLOR DORADO x 5 mL,GCOS MM ACTIPUR BB COLOR DORADO x 5 mL,Uni,"1,00"
32P00985 MM ACTIPUR BB COLOR DORADO x 5 mL,ETIQUETA MM ACTIPUR BB COLOR DORADO x 5 mL,Uni,"1,00"
31P00994 ACTIPUR GEL LIMPIADOR x 150 mL,GCOS ACTIPUR GEL LIMPIADOR x 150 mL,Uni,"1,00"
31P00994 ACTIPUR GEL LIMPIADOR x 150 mL,ETIQUETA ACTIPUR GEL LIMPIADOR x 150 mL,Uni,"1,00"
31P01194 ALPHA KM CREMA DE NOCHE x 50 mL,GCOS ALPHA KM CREMA DE NOCHE x 50 mL,Uni,"1,00"
31P01194 ALPHA KM CREMA DE NOCHE x 50 mL,ETIQUETA ALPHA KM CREMA DE NOCHE x 50 mL,Uni,"1,00"
31P01042 AQUAREVA BB CREMA COLOR CLARO SPF15 x 40 mL,GCOS AQUAREVA BB CREMA COLOR CLARO SPF15 x 40 mL,Uni,"1,00"
31P01042 AQUAREVA BB CREMA COLOR CLARO SPF15 x 40 mL,ETIQUETA AQUAREVA BB CREMA COLOR CLARO SPF15 x 40 mL,Uni,"1,00"
31P01118 AQUAREVA STICK LABIAL x 4 g,GCOS AQUAREVA STICK LABIAL x 4 g,Uni,"1,00"
31P01118 AQUAREVA STICK LABIAL x 4 g,ETIQUETA AQUAREVA STICK LABIAL x 4 g,Uni,"1,00"
31P01127 AQUAREVA CREMA REPARADORA DE MANOS 24H x 50 mL,GCOS AQUAREVA CREMA REPARADORA DE MANOS 24H x 50 mL,Uni,"1,00"
31P01127 AQUAREVA CREMA REPARADORA DE MANOS 24H x 50 mL,ETIQUETA AQUAREVA CREMA REPARADORA DE MANOS 24H x 50 mL,Uni,"1,00"
31P01053 CICADIANE CUIDADO CALMANTE REPARADOR SPF50+,GCOS CICADIANE CUIDADO CALMANTE REPARADOR SPF50+,Uni,"1,00"
31P01053 CICADIANE CUIDADO CALMANTE REPARADOR SPF50+,ETIQUETA CICADIANE CUIDADO CALMANTE REPARADOR SPF50+,Uni,"1,00"
32P01054 MM CICADIANE TRATAMIENTO AP SPF 50+ x 3 mL,GCOS MM CICADIANE TRATAMIENTO AP SPF 50+ x 3 mL,Uni,"1,00"
32P01054 MM CICADIANE TRATAMIENTO AP SPF 50+ x 3 mL,ETIQUETA MM CICADIANE TRATAMIENTO AP SPF 50+ X 3 mL,Uni,"1,00"
31P01028 EXFOLIAC GLOBAL 6 CUIDADO INTENSIVO x 30 mL,GCOS EXFOLIAC GLOBAL 6 CUIDADO INTENSIVO x 30 mL,Uni,"1,00"
31P01028 EXFOLIAC GLOBAL 6 CUIDADO INTENSIVO x 30 mL,ETIQUETA EXFOLIAC GLOBAL 6 CUIDADO INTENSIVO x 30 mL,Uni,"1,00"
32P01029 MM EXFOLIAC GLOBAL 6 x 3 mL,GCOS MM EXFOLIAC GLOBAL 6 x 3 mL,Uni,"1,00"
32P01029 MM EXFOLIAC GLOBAL 6 x 3 mL,ETIQUETA MM EXFOLIAC GLOBAL 6 x 3 mL,Uni,"1,00"
31P01075 KERAPIL CUIDADO DERMO-REGULADOR x 75 mL,GCOS KERAPIL CUIDADO DERMO-REGULADOR x 75 mL,Uni,"1,00"
31P01075 KERAPIL CUIDADO DERMO-REGULADOR x 75 mL,ETIQUETA KERAPIL CUIDADO DERMO-REGULADOR x 75 mL,Uni,"1,00"
31P01130 LOCIÓN UNIVERSAL DERMO LIMPIADOR MICELAR x 500 mL,GCOS LOCIÓN UNIVERSAL DERMO LIMPIADOR MICELAR x 500 mL,Uni,"1,00"
31P01130 LOCIÓN UNIVERSAL DERMO LIMPIADOR MICELAR x 500 mL,ETIQUETA LOCIÓN UNIVERSAL DERMO LIMPIADOR MICELAR x 500 mL,Uni,"1,00"
31P01025 PSORIANE SHAMPOO INTENSIVO x 125 mL,GCOS PSORIANE SHAMPOO INTENSIVO x 125 mL,Uni,"1,00"
31P01025 PSORIANE SHAMPOO INTENSIVO x 125 mL,ETIQUETA PSORIANE SHAMPOO INTENSIVO x 125 mL,Uni,"1,00"
31P01023 PSORIANE LOCIÓN CALMANTE x 200 mL,GCOS PSORIANE LOCIÓN CALMANTE x 200 mL,Uni,"1,00"
31P01023 PSORIANE LOCIÓN CALMANTE x 200 mL,ETIQUETA PSORIANE LOCIÓN CALMANTE x 200 mL,Uni,"1,00"
32P01024 MM PSORIANE LECHE CORPORAL x 5 mL,GCOS MM PSORIANE LECHE CORPORAL x 5 mL,Uni,"1,00"
32P01024 MM PSORIANE LECHE CORPORAL x 5 mL,ETIQUETA MM PSORIANE LECHE CORPORAL x 5 mL,Uni,"1,00"
31P01030 SEBODIANE DS MICRO EMULSIÓN x 30 mL,GCOS SEBODIANE DS MICRO EMULSIÓN x 30 mL,Uni,"1,00"
31P01030 SEBODIANE DS MICRO EMULSIÓN x 30 mL,ETIQUETA SEBODIANE DS MICRO EMULSIÓN x 30 mL,Uni,"1,00"
32P01031 MM SEBODIANE DS MICRO EMULSIÓN x 3 mL,GCOS MM SEBODIANE DS MICRO EMULSIÓN x 3 mL,Uni,"1,00"
32P01031 MM SEBODIANE DS MICRO EMULSIÓN x 3 mL,ETIQUETA MM SEBODIANE DS MICRO EMULSIÓN x 3 mL,Uni,"1,00"
31P01036 SEBODIANE DS SHAMPOO  x 150 mL,GCOS SEBODIANE DS SHAMPOO  x 150 mL,Uni,"1,00"
31P01036 SEBODIANE DS SHAMPOO  x 150 mL,ETIQUETA SEBODIANE DS SHAMPOO  x 150 mL,Uni,"1,00"
32P01037 MM SEBODIANE DS SHAMPOO x 5 mL,GCOS MM SEBODIANE DS SHAMPOO x 5 mL,Uni,"1,00"
32P01037 MM SEBODIANE DS SHAMPOO x 5 mL,ETIQUETA MM SEBODIANE DS SHAMPOO x 5 mL,Uni,"1,00"
31P01093 SEBODIANE DS SERUM x 8 mL,GCOS SEBODIANE DS SERUM x 8 mL,Uni,"1,00"
31P01093 SEBODIANE DS SERUM x 8 mL,ETIQUETA SEBODIANE DS SERUM x 8 mL,Uni,"1,00"
31P00990 SENSIDIANE SERUM CALMANTE x 30 mL,GCOS SENSIDIANE SERUM CALMANTE x 30 mL,Uni,"1,00"
31P00990 SENSIDIANE SERUM CALMANTE x 30 mL,ETIQUETA SENSIDIANE SERUM CALMANTE x 30 mL,Uni,"1,00"
31P00950 SENSIDIANE PALPEBRAL PARPADOS IRRITADOS ANTI PICOR x 20 mL,GCOS SENSIDIANE PALPEBRAL PARPADOS IRRITADOS ANTI PICOR x 20 mL,Uni,"1,00"
31P00950 SENSIDIANE PALPEBRAL PARPADOS IRRITADOS ANTI PICOR x 20 mL,ETIQUETA SENSIDIANE PALPEBRAL PARPADOS IRRITADOS ANTI PICOR x 20 ,Uni,"1,00"
31P00980 SENSIDIANE AR TRATAMIENTO ANT-ENROJECIMIENTO x 30 mL,GCOS SENSIDIANE AR TRATAMIENTO ANT-ENROJECIMIENTO x 30 mL,Uni,"1,00"
31P00980 SENSIDIANE AR TRATAMIENTO ANT-ENROJECIMIENTO x 30 mL,ETIQUETA SENSIDIANE AR TRATAMIENTO ANT-ENROJECIMIENTO x 30 mL,Uni,"1,00"
32P00981 MM SENSIDIANE AR x 3 mL,GCOS MM SENSIDIANE AR x 3 mL,Uni,"1,00"
32P00981 MM SENSIDIANE AR x 3 mL,ETIQUETA MM SENSIDIANE AR x 3 mL,Uni,"1,00"
31P01038 SENSIDIANE AR CC COLOR CLARO SPF 30 x 40 mL,GCOS SENSIDIANE AR CC COLOR CLARO SPF 30 x 40 mL,Uni,"1,00"
31P01038 SENSIDIANE AR CC COLOR CLARO SPF 30 x 40 mL,ETIQUETA SENSIDIANE AR CC COLOR CLARO SPF 30 x 40 mL,Uni,"1,00"
32P01039 MM SENSIDIANE AR CC COLOR CLARO SPF 30 x 3 mL,GCOS MM SENSIDIANE AR CC COLOR CLARO SPF 30 x 3 mL,Uni,"1,00"
32P01039 MM SENSIDIANE AR CC COLOR CLARO SPF 30 x 3 mL,ETIQUETA MM SENSIDIANE AR CC COLOR CLARO SPF 30 x 3 mL,Uni,"1,00"
31P00998 XERODIANE AP+ BÁLSAMO RELIPIDIZANTE x 200 mL,GCOS XERODIANE AP+ BÁLSAMO RELIPIDIZANTE x 200 mL,Uni,"1,00"
31P00998 XERODIANE AP+ BÁLSAMO RELIPIDIZANTE x 200 mL,ETIQUETA XERODIANE AP+ BÁLSAMO RELIPIDIZANTE x 200 mL,Uni,"1,00"
32P01096 MM XERODIANE AP + CR LVTE x 5 mL,GCOS MM XERODIANE AP + CR LVTE x 5 mL,Uni,"1,00"
32P01096 MM XERODIANE AP + CR LVTE x 5 mL,ETIQUETA MM XERODIANE AP + CR LVTE x 5 mL,Uni,"1,00"
32P01000 MM XERODIANE AP + BÁLSAMO x 5 mL,GCOS MM XERODIANE AP + BÁLSAMO x 5 mL,Uni,"1,00"
32P01000 MM XERODIANE AP + BÁLSAMO x 5 mL,ETIQUETA MM XERODIANE AP + BÁLSAMO x 5 mL,Uni,"1,00"
31P01095 XERODIANE AP+ CREMA LIMPIADORA  ANTIDESECACIÓN x 500 mL,GCOS XERODIANE AP+ CREMA LIMPIADORA  ANTIDESECACIÓN x 500 mL,Uni,"1,00"
31P01095 XERODIANE AP+ CREMA LIMPIADORA  ANTIDESECACIÓN x 500 mL,ETIQUETA XERODIANE AP+ CREMA LIMPIADORA  ANTIDESECACIÓN x 500 mL,Uni,"1,00"
20003.02 GCOM ALLOFED 100,GGRAN ALLOFED 100,kg,"76,00"
20005.02 GCOM ALLOFED 300,GGRAN ALLOFED 300,kg,"66,00"
20008.02 GCOM BUPRIL SR,GPOL BUPRIL SR,kg,"53,30"
20010.02 GCOM CALERNID 10,GPOL CALERNID 10,kg,"58,20"
20013.02 GCOM CARVEDIL 25,GGRAN CARVEDIL 25,kg,"30,00"
20015.02 GCOM CILOZOL 100,CILOSTAZOL,g,"10.000,00"
20015.02 GCOM CILOZOL 100,VIVAPUR PH 101,g,"3.850,00"
20015.02 GCOM CILOZOL 100,PVP K30,g,"250,00"
20015.02 GCOM CILOZOL 100,VIVASTAR P,g,"660,00"
20015.02 GCOM CILOZOL 100,LAURIL SULFATO DE SODIO POLVO,g,"80,00"
20015.02 GCOM CILOZOL 100,ALMIDÓN DE MAIZ,g,"2.300,00"
20015.02 GCOM CILOZOL 100,AEROSIL 200,g,"120,00"
20015.02 GCOM CILOZOL 100,PROSOLV SMCC 90,g,"6.680,00"
20015.02 GCOM CILOZOL 100,ESTEARATO DE MAGNESIO,g,"240,00"
20015.02 GCOM CILOZOL 100,ALCOHOL,L,"3,80"
20016.02 GCOM CIPRAM S10,GGRAN CIPRAM S10,kg,"45,00"
20018.02 GCOM CIPRAM S20,GGRAN CIPRAM S20,kg,"75,00"
20020.02 GCOM CLOPIGREL,GPOL CLOPIGREL,kg,"74,05"
20025.02 GCOM EVRY 10,GPOL EVRY 10,kg,"30,00"
20031.02 GCOM GALTAMIN 8,GPOL GALTAMIN 8,kg,"11,04"
20036.02 GCOM LESTEROL 10,GPOL LESTEROL 10,kg,"45,00"
20038.02 GCOM LESTEROL 20,GPOL LESTEROL 20,kg,"45,00"
20040.02 GCOM MONKAST 10,GPOL MONKAST 10,kg,"76,00"
20043.02 GCOM NOASARTÁN 300,GGRAN NOASARTÁN 300,kg,"70,00"
20046.02 GCOM TERLADEP,GPOL TERLADEP,kg,"72,50"
20051.02 GCOM TOPILEP 25,GPOL TOPILEP 25,kg,"58,20"
20052.02 GCOM TOPILEP 50,GPOL TOPILEP 50,kg,"72,50"
20053.02 GCOM TOPILEP 100,GPOL TOPILEP 100,kg,"72,50"
20054.02 GFRA URALYT X 140 g,GGRAN URALYT,kg,"84,00"
20054.02 GFRA URALYT X 140 g,POTE PEAD BLANCO PARA 140 g,Uni,"600,00"
20054.02 GFRA URALYT X 140 g,TAPA CON PRECINTO POTE PEAD,Uni,"600,00"
31P01001 ACTIPUR ESPUMA DERMOLIMPIADORA  x 150 mL,ETIQUETA ACTIPUR ESPUMA DERMOLIMPIADORA  x 150 mL,Uni,"1,00"
31P01001 ACTIPUR ESPUMA DERMOLIMPIADORA  x 150 mL,GCOS ACTIPUR ESPUMA DERMOLIMPIADORA  x 150 mL,Uni,"1,00"
20008.03 GCOR BUPRIL SR,BUPROPION CLORHIDRATO,g,"25.000,00"
20008.03 GCOR BUPRIL SR,L-CISTEÍNA  MONOHIDRATO CLORHIDRATO,g,"1.333,00"
20008.03 GCOR BUPRIL SR,VIVAPUR PH 102,g,"12.167,00"
20008.03 GCOR BUPRIL SR,STARCH 1500,g,"2.500,00"
20008.03 GCOR BUPRIL SR,METHOLOSE 15000,g,"11.333,00"
20008.03 GCOR BUPRIL SR,AEROSIL 200,g,"333,00"
20008.03 GCOR BUPRIL SR,ESTEARATO DE MAGNESIO,g,"667,00"
20008.03 GCOR BUPRIL SR,VIVACOAT A,g,"1.667,00"
20008.03 GCOR BUPRIL SR,AGUA PURIFICADA TERCERISTA,L,"2,35"
20008.03 GCOR BUPRIL SR,ALCOHOL,L,"10,90"
20010.03 GCOR CALERNID 10,GCOM CALERNID 10,Uni,"600.000,00"
20010.03 GCOR CALERNID 10,VIVACOAT A,g,"3.600,00"
20010.03 GCOR CALERNID 10,ÓXIDO DE HIERRO AMARILLO E172,g,"24,00"
20010.03 GCOR CALERNID 10,AGUA PURIFICADA,L,"20,00"
20015.04 GBLI CILOZOL 100 X 10,GCOM CILOZOL 100,Uni,"100.000,00"
20016.03 GCOR CIPRAM S10,ESCITALOPRAM OXALATO,g,"3.831,00"
20016.03 GCOR CIPRAM S10,STARCH 1500,g,"5.820,00"
20016.03 GCOR CIPRAM S10,VIVAPUR PH 200,g,"26.250,00"
20016.03 GCOR CIPRAM S10,VIVAPUR PH 102,g,"6.369,00"
20016.03 GCOR CIPRAM S10,LAURIL SULFATO DE SODIO POLVO,g,"180,00"
20016.03 GCOR CIPRAM S10,ESTEARATO DE MAGNESIO,g,"300,00"
20016.03 GCOR CIPRAM S10,PVP K30,g,"900,00"
20016.03 GCOR CIPRAM S10,VIVASOL GF,g,"1.350,00"
20016.03 GCOR CIPRAM S10,ALCOHOL,L,"38,00"
20016.03 GCOR CIPRAM S10,VIVACOAT A,g,"1.500,00"
20016.03 GCOR CIPRAM S10,LACA AZUL ÍNDIGO CARMÍN FD&C #2,g,"30,00"
20016.03 GCOR CIPRAM S10,AGUA PURIFICADA TERCERISTA,L,"3,46"
20018.03 GCOR CIPRAM S20,GCOM CIPRAM S20,Uni,"250.000,00"
20018.03 GCOR CIPRAM S20,VIVACOAT A,g,"2.500,00"
20018.03 GCOR CIPRAM S20,LACA AZUL ÍNDIGO CARMÍN FD&C #2,g,"100,00"
20018.03 GCOR CIPRAM S20,AGUA PURIFICADA,L,"16,50"
20020.03 GCOR CLOPIGREL,GCOM CLOPIGREL,Uni,"255.360,00"
20020.03 GCOR CLOPIGREL,VIVACOAT A,g,"2.554,00"
20020.03 GCOR CLOPIGREL,LACA ROJA ALLURA FD&C #40,g,"76,60"
20020.03 GCOR CLOPIGREL,AGUA PURIFICADA,L,"17,00"
20025.04 GBLI EVRY 10 X 10,GCOM EVRY 10,Uni,"250.000,00"
20025.04 GBLI EVRY 10 X 10,ALUMINIO IMPRESO EVRY 10,kg,"7,50"
20025.04 GBLI EVRY 10 X 10,PVC VERDE ANCHO 161 mm ESPESOR 250 micras,kg,"37,50"
20036.03 GCOR LESTEROL 10,GCOM LESTEROL 10,Uni,"300.000,00"
20036.03 GCOR LESTEROL 10,VIVACOAT A,g,"1.500,00"
20036.03 GCOR LESTEROL 10,AGUA PURIFICADA,L,"10,50"
20038.03 GCOR LESTEROL 20,GCOM LESTEROL 20,Uni,"150.000,00"
20038.03 GCOR LESTEROL 20,VIVACOAT A,g,"1.500,00"
20038.03 GCOR LESTEROL 20,AGUA PURIFICADA,L,"10,50"
20040.03 GCOR MONKAST 10,GCOM MONKAST 10,Uni,"380.000,00"
20040.03 GCOR MONKAST 10,VIVACOAT A,g,"3.610,00"
20040.03 GCOR MONKAST 10,LACA AMARILLA OCASO FD&C #6,g,"190,00"
20040.03 GCOR MONKAST 10,AGUA PURIFICADA,L,"22,80"
20043.03 GCOR NOASARTÁN 300,GCOM NOASARTÁN 300,Uni,"100.000,00"
20043.03 GCOR NOASARTÁN 300,VIVACOAT A,g,"3.000,00"
20043.03 GCOR NOASARTÁN 300,AGUA PURIFICADA,L,"20,00"
20046.03 GCOR TERLADEP,MIRTAZAPINA,g,"3.999,00"
20046.03 GCOR TERLADEP,STARCH 1500,g,"4.666,00"
20046.03 GCOR TERLADEP,EXCIPRESS SD2,g,"14.463,00"
20046.03 GCOR TERLADEP,VIVAPUR PH 101,g,"10.944,00"
20046.03 GCOR TERLADEP,VIVAPUR PH 200,g,"3.999,00"
20046.03 GCOR TERLADEP,ESTEARATO DE MAGNESIO,g,"200,00"
20046.03 GCOR TERLADEP,AEROSIL 200,g,"387,00"
20046.03 GCOR TERLADEP,VIVACOAT A,g,"1.200,00"
20046.03 GCOR TERLADEP,LACA AMARILLA OCASO FD&C #6,g,"133,00"
20046.03 GCOR TERLADEP,AGUA PURIFICADA TERCERISTA,L,"4,00"
20046.03 GCOR TERLADEP,ALCOHOL,L,"5,00"
20051.03 GCOR TOPILEP 25,GCOM TOPILEP 25,Uni,"600.000,00"
20051.03 GCOR TOPILEP 25,VIVACOAT A,g,"1.800,00"
20051.03 GCOR TOPILEP 25,LACA ROJA ALLURA FD&C #40,g,"6,00"
20051.03 GCOR TOPILEP 25,AGUA PURIFICADA,L,"12,00"
20052.03 GCOR TOPILEP 50,GCOM TOPILEP 50,Uni,"500.000,00"
20052.03 GCOR TOPILEP 50,VIVACOAT A,g,"2.250,00"
20052.03 GCOR TOPILEP 50,LACA ROJA ALLURA FD&C #40,g,"45,00"
20052.03 GCOR TOPILEP 50,AGUA PURIFICADA,L,"15,00"
20053.03 GCOR TOPILEP 100,GCOM TOPILEP 100,Uni,"250.000,00"
20053.03 GCOR TOPILEP 100,VIVACOAT A,g,"2.250,00"
20053.03 GCOR TOPILEP 100,LACA ROJA ALLURA FD&C #40,g,"112,50"
20053.03 GCOR TOPILEP 100,AGUA PURIFICADA,L,"15,84"
20010.04 GBLI CALERNID 10 X 14,GCOR CALERNID 10,Uni,"400.000,00"
20055.04 GBLI CALERNID 20 X 14,GCOR CALERNID 20,Uni,"40.000,00"
20055.04 GBLI CALERNID 20 X 14,ALUMINIO IMPRESO CALERNID 20,kg,"1,50"
20055.04 GBLI CALERNID 20 X 14,PVC VERDE OPACO ANCHO 168 mm ESPESOR 250 micras,Kg,"7,40"
20016.04 GBLI CIPRAM S10 X 14,GCOR CIPRAM S10,Uni,"300.000,00"
20016.04 GBLI CIPRAM S10 X 14,ALUMINIO IMPRESO CIPRAM S10,kg,"11,14"
20016.04 GBLI CIPRAM S10 X 14,PVC CRISTAL ANCHO 161 mm ESPESOR 250 micras,kg,"55,71"
20018.04 GBLI CIPRAM S20 X 14,GCOR CIPRAM S20,Uni,"250.000,00"
20020.04 GBLI CLOPIGREL X 10,GCOR CLOPIGREL,Uni,"255.360,00"
20020.04 GBLI CLOPIGREL X 10,ALUMINIO IMPRESO CLOPIGREL,kg,"13,28"
20020.04 GBLI CLOPIGREL X 10,PVC CRISTAL ANCHO 161 mm ESPESOR 250 micras,kg,"66,40"
20031.04 GBLI GALTAMIN 8 X 14,GCOR GALTAMIN 8,Uni,"96.000,00"
20036.04 GBLI LESTEROL 10 X 14,GCOR LESTEROL 10,Uni,"300.000,00"
20038.04 GBLI LESTEROL 20 X 14,GCOR LESTEROL 20,Uni,"150.000,00"
20038.04 GBLI LESTEROL 20 X 14,ALUMINIO IMPRESO LESTEROL 20,kg,"5,58"
20038.04 GBLI LESTEROL 20 X 14,PVC CRISTAL ANCHO 161 mm ESPESOR 250 micras,kg,"27,86"
20057.04 GBLI LESTEROL 40 X 14,GCOR LESTEROL 40,Uni,"40.000,00"
20040.04 GBLI MONKAST 10 X 10,GCOR MONKAST 10,Uni,"380.000,00"
20040.04 GBLI MONKAST 10 X 10,ALUMINIO IMPRESO MONKAST 10 ANCHO 156 mm 20 micras FTO 36X84,kg,"15,20"
20040.04 GBLI MONKAST 10 X 10,PVC CRISTAL ANCHO 161 mm ESPESOR 250 micras,kg,"91,20"
20051.04 GBLI TOPILEP 25 X 14,GCOR TOPILEP 25,Uni,"200.000,00"
20051.04 GBLI TOPILEP 25 X 14,ALUMINIO IMPRESO TOPILEP 25,kg,"7,43"
20051.04 GBLI TOPILEP 25 X 14,PVC CRISTAL ANCHO 161 mm ESPESOR 250 micras,kg,"37,14"
20052.04 GBLI TOPILEP 50 X 14,GCOR TOPILEP 50,Uni,"500.000,00"
20052.04 GBLI TOPILEP 50 X 14,ALUMINIO IMPRESO TOPILEP 50,kg,"12,50"
20052.04 GBLI TOPILEP 50 X 14,PVC CRISTAL ANCHO 161 mm ESPESOR 250 micras,kg,"71,50"
20053.04 GBLI TOPILEP 100 X 14,GCOR TOPILEP 100,Uni,"250.000,00"
20053.04 GBLI TOPILEP 100 X 14,ALUMINIO IMPRESO TOPILEP 100,kg,"3,00"
20053.04 GBLI TOPILEP 100 X 14,PVC CRISTAL ANCHO 161 mm ESPESOR 250 micras,kg,"30,00"
32010 MM CALERNID 10 X 14 COMPRIMIDOS,GBLI CALERNID 10 X 14,Uni,"1,00"
32010 MM CALERNID 10 X 14 COMPRIMIDOS,PROSPECTO CALERNID,Uni,"1,00"
32010 MM CALERNID 10 X 14 COMPRIMIDOS,ESTUCHE CALERNID 10 X 14 COMPRIMIDOS,Uni,"1,00"
32036 MM LESTEROL 10 X 14 COMPRIMIDOS,GBLI LESTEROL 10 X 14,Uni,"1,00"
32036 MM LESTEROL 10 X 14 COMPRIMIDOS,PROSPECTO LESTEROL,Uni,"1,00"
32036 MM LESTEROL 10 X 14 COMPRIMIDOS,ESTUCHE LESTEROL 10 X 14 COMPRIMIDOS,Uni,"1,00"
32064 MM TOPILEP 50 X 14 COMPRIMIDOS,GBLI TOPILEP 50 X 14,Uni,"1,00"
32064 MM TOPILEP 50 X 14 COMPRIMIDOS,PROSPECTO TOPILEP,Uni,"1,00"
32064 MM TOPILEP 50 X 14 COMPRIMIDOS,ESTUCHE MM TOPILEP 50 X 14 COMPRIMIDOS,uni,"1,00"
20002.04 GBLI ADEPROST 50 X 10,GCOM ADEPROST 50,Uni,"70.000,00"
20002.04 GBLI ADEPROST 50 X 10,ALUMINIO IMPRESO ADEPROST 50,kg,"3,64"
20002.04 GBLI ADEPROST 50 X 10,PVC AMARILLO ÁMBAR ANCHO 165 mm ESPESOR 250 micras,Kg,"18,20"
20045.01 GGRAN RYTMOL 300,PROPAFENONA CLORHIDRATO,g,"48.000,00"
20045.01 GGRAN RYTMOL 300,VIVAPUR PH 101,g,"12.480,00"
20045.01 GGRAN RYTMOL 300,VIVASOL GF,g,"2.560,00"
20045.01 GGRAN RYTMOL 300,PVP K30,g,"2.560,00"
20045.01 GGRAN RYTMOL 300,ALCOHOL,L,"16,00"
20045.01 GGRAN RYTMOL 300,ESTEARATO DE MAGNESIO,g,"960,00"
20045.01 GGRAN RYTMOL 300,AEROSIL 200,g,"640,00"
20045.02 GCOM RYTMOL 300,GGRAN RYTMOL 300,kg,"67,20"
20045.03 GCOR RYTMOL 300,GCOM RYTMOL 300,Uni,"160.000,00"
20045.03 GCOR RYTMOL 300,VIVACOAT A,g,"1.600,00"
20045.03 GCOR RYTMOL 300,AGUA PURIFICADA,L,"11,00"
20061.03 GCOR AGOMET,AGOMELATINA,g,"1.250,00"
20061.03 GCOR AGOMET,EXCIPRESS SD2L,g,"4.715,00"
20061.03 GCOR AGOMET,STARCH 1500,g,"2.020,00"
20061.03 GCOR AGOMET,VIVAPUR PH 200,g,"600,00"
20061.03 GCOR AGOMET,AEROSIL 200,g,"25,00"
20061.03 GCOR AGOMET,VIVASTAR P,g,"400,00"
20061.03 GCOR AGOMET,PVP K30,g,"690,00"
20061.03 GCOR AGOMET,ESTEARATO DE MAGNESIO,g,"100,00"
20061.03 GCOR AGOMET,ÁCIDO ESTEÁRICO,g,"200,00"
20061.03 GCOR AGOMET,VIVACOAT PC-1T-731,g,"475,00"
20061.03 GCOR AGOMET,ÓXIDO DE HIERRO AMARILLO E172,g,"25,00"
20061.03 GCOR AGOMET,AGUA PURIFICADA TERCERISTA,L,"1,35"
20061.03 GCOR AGOMET,ALCOHOL,L,"1,69"
20055.03 GCOR CALERNID 20,LERCANIDIPINA CLORHIDRATO,g,"800,00"
20055.03 GCOR CALERNID 20,VIVAPUR PH 200,g,"3.200,00"
20055.03 GCOR CALERNID 20,EXCIPRESS SD2,g,"2.400,00"
20055.03 GCOR CALERNID 20,VIVASTAR P,g,"1.280,00"
20055.03 GCOR CALERNID 20,ESTEARATO DE MAGNESIO,g,"80,00"
20055.03 GCOR CALERNID 20,VIVACOAT A,g,"480,00"
20055.03 GCOR CALERNID 20,ÓXIDO DE HIERRO AMARILLO E172,g,"8,00"
20055.03 GCOR CALERNID 20,AGUA PURIFICADA TERCERISTA,L,"1.920,00"
20024.02 GCOM EVRY 0.8,ÁCIDO FÓLICO,g,"283,00"
20024.02 GCOM EVRY 0.8,EXCIPRESS SD2,g,"27.000,00"
20024.02 GCOM EVRY 0.8,VIVASOL GF,g,"1.200,00"
20024.02 GCOM EVRY 0.8,LAURIL SULFATO DE SODIO POLVO,g,"30,00"
20024.02 GCOM EVRY 0.8,ESTEARATO DE MAGNESIO,g,"300,00"
20024.02 GCOM EVRY 0.8,VIVAPUR PH 200,g,"7.230,00"
20026.02 GCAP FIBROLIP,CIPROFIBRATO,g,"10.000,00"
20026.02 GCAP FIBROLIP,LACTOSA SUPERTAB® 11SD AUTOCOMPRESIBLE,g,"25.250,00"
20026.02 GCAP FIBROLIP,STARCH 1500,g,"18.500,00"
20026.02 GCAP FIBROLIP,AEROSIL 200,g,"250,00"
20026.02 GCAP FIBROLIP,CÁPSULAS DE GELATINA RÍGIDA N°0 CELESTE-CELESTE,Uni,"100.000,00"
20028.02 GCAP FLUIDASA CÁPSULAS,MEPIFILINA,g,"22.500,00"
20028.02 GCAP FLUIDASA CÁPSULAS,ESTEARATO DE MAGNESIO,g,"450,00"
20028.02 GCAP FLUIDASA CÁPSULAS,CÁPSULAS DE GELATINA RÍGIDA N°3 BLANCO-VERDE,Uni,"150.000,00"
20029.02 GFRA FLUIDASA GOTAS x 30 mL,MEPIFILINA,g,"1.200,00"
20029.02 GFRA FLUIDASA GOTAS x 30 mL,NIPAGIN,g,"45,00"
20029.02 GFRA FLUIDASA GOTAS x 30 mL,NIPASOL,g,"15,00"
20029.02 GFRA FLUIDASA GOTAS x 30 mL,SACARINA SÓDICA,g,"60,00"
20029.02 GFRA FLUIDASA GOTAS x 30 mL,ESENCIA DE VAINILLA LÍQUIDA,L,"0,01"
20029.02 GFRA FLUIDASA GOTAS x 30 mL,AGUA PURIFICADA TERCERISTA,L,"60,00"
20029.02 GFRA FLUIDASA GOTAS x 30 mL,FRASCO PET ÁMBAR 30 CC BOCA 28,Uni,"2.000,00"
20029.02 GFRA FLUIDASA GOTAS x 30 mL,TAPA BLANCA PARA FRASCO BOCA 28,Uni,"2.000,00"
20029.02 GFRA FLUIDASA GOTAS x 30 mL,INSERTO GOTERO BOCA 28,Uni,"2.000,00"
20030.02 GFRA FLUIDASA SOLUCIÓN X 150 mL,MEPIFILINA,g,"1.500,00"
20030.02 GFRA FLUIDASA SOLUCIÓN X 150 mL,NIPAGIN,g,"90,00"
20030.02 GFRA FLUIDASA SOLUCIÓN X 150 mL,NIPASOL,g,"30,00"
20030.02 GFRA FLUIDASA SOLUCIÓN X 150 mL,SACARINA SÓDICA,g,"60,00"
20030.02 GFRA FLUIDASA SOLUCIÓN X 150 mL,ESENCIA DE VAINILLA LÍQUIDA,L,"0,02"
20030.02 GFRA FLUIDASA SOLUCIÓN X 150 mL,SORBITOL SOLUCIÓN AL 70%,g,"117.000,00"
20030.02 GFRA FLUIDASA SOLUCIÓN X 150 mL,AGUA PURIFICADA TERCERISTA,L,"210,00"
20030.02 GFRA FLUIDASA SOLUCIÓN X 150 mL,FRASCO PET ÁMBAR150 CC BOCA 28,Uni,"2.000,00"
20030.02 GFRA FLUIDASA SOLUCIÓN X 150 mL,TAPA BLANCA PARA FRASCO BOCA 28,Uni,"2.000,00"
20031.03 GCOR GALTAMIN 8,VIVACOAT A,g,"480,00"
20031.03 GCOR GALTAMIN 8,LACA ROJA ALLURA FD&C #40,g,"4,80"
20031.03 GCOR GALTAMIN 8,AGUA PURIFICADA TERCERISTA,L,"1,70"
20031.03 GCOR GALTAMIN 8,ALCOHOL,L,"2,12"
20031.03 GCOR GALTAMIN 8,GCOM GALTAMIN 8,Uni,"96.000,00"
20034.02 GFRA LACTULAX X 120 mL,LACTULOSA 66%,g,"1.120.000,00"
20034.02 GFRA LACTULAX X 120 mL,FRASCO PET ÁMBAR 125 CC BOCA 28,Uni,"7.166,00"
20034.02 GFRA LACTULAX X 120 mL,TAPA BLANCA PARA FRASCO BOCA 28,Uni,"7.166,00"
20035.02 GFRA LACTULAX X 250 mL,LACTULOSA 66%,g,"1.120.000,00"
20035.02 GFRA LACTULAX X 250 mL,FRASCO PET ÁMBAR 250 CC BOCA 28,Uni,"3.440,00"
20035.02 GFRA LACTULAX X 250 mL,TAPA BLANCA PARA FRASCO BOCA 28,Uni,"3.440,00"
20057.03 GCOR LESTEROL 40,ROSUVASTATINA CÁLCICA,g,"1.730,00"
20057.03 GCOR LESTEROL 40,STARCH 1500,g,"1.200,00"
20057.03 GCOR LESTEROL 40,VIVAPUR PH 200,g,"8.336,00"
20057.03 GCOR LESTEROL 40,VIVASOL GF,g,"560,00"
20057.03 GCOR LESTEROL 40,AEROSIL 200,g,"40,00"
20057.03 GCOR LESTEROL 40,ESTEARATO DE MAGNESIO,g,"134,00"
20057.03 GCOR LESTEROL 40,VIVACOAT A,g,"400,00"
20057.03 GCOR LESTEROL 40,LACA AMARILLA OCASO FD&C #6,g,"20,00"
20057.03 GCOR LESTEROL 40,AGUA PURIFICADA TERCERISTA,L,"1,40"
20057.03 GCOR LESTEROL 40,ALCOHOL,L,"1,40"
20059.03 GCOR QUETIAPINA NOAS 25,QUETIAPINA FUMARATO,g,"1.439,00"
20059.03 GCOR QUETIAPINA NOAS 25,PVP K30,g,"228,00"
20059.03 GCOR QUETIAPINA NOAS 25,EMCOMPRESS ANHYDROUS,g,"304,00"
20059.03 GCOR QUETIAPINA NOAS 25,VIVASTAR P,g,"304,00"
20059.03 GCOR QUETIAPINA NOAS 25,VIVAPUR PH 101,g,"1.444,00"
20059.03 GCOR QUETIAPINA NOAS 25,LACTOSA MONOHIDRATO MALLA 200,g,"3.729,00"
20059.03 GCOR QUETIAPINA NOAS 25,ESTEARATO DE MAGNESIO,g,"152,00"
20059.03 GCOR QUETIAPINA NOAS 25,VIVACOAT A,g,"380,00"
20059.03 GCOR QUETIAPINA NOAS 25,LACA AMARILLA OCASO FD&C #6,g,"20,00"
20059.03 GCOR QUETIAPINA NOAS 25,AGUA PURIFICADA TERCERISTA,L,"1,25"
20059.03 GCOR QUETIAPINA NOAS 25,ALCOHOL,L,"1,25"
20060.03 GCOR QUETIAPINA NOAS 100,QUETIAPINA FUMARATO,g,"6.050,00"
20060.03 GCOR QUETIAPINA NOAS 100,PVP K30,g,"600,00"
20060.03 GCOR QUETIAPINA NOAS 100,EMCOMPRESS ANHYDROUS,g,"800,00"
20060.03 GCOR QUETIAPINA NOAS 100,VIVASTAR P,g,"800,00"
20060.03 GCOR QUETIAPINA NOAS 100,VIVAPUR PH 101,g,"3.240,00"
20060.03 GCOR QUETIAPINA NOAS 100,LACTOSA MONOHIDRATO MALLA 200,g,"4.055,00"
20060.03 GCOR QUETIAPINA NOAS 100,ESTEARATO DE MAGNESIO,g,"400,00"
20060.03 GCOR QUETIAPINA NOAS 100,VIVACOAT A,g,"702,00"
20060.03 GCOR QUETIAPINA NOAS 100,LACA AMARILLA OCASO FD&C #6,g,"78,00"
20060.03 GCOR QUETIAPINA NOAS 100,AGUA PURIFICADA TERCERISTA,L,"2,47"
20060.03 GCOR QUETIAPINA NOAS 100,ALCOHOL,L,"1,98"
20060.03 GCOR QUETIAPINA NOAS 100,EXCIPRESS SD2,g,"4.055,00"
20061.04 GBLI AGOMET X 10,GCOR AGOMET,Uni,"50.000,00"
20003.04 GBLI ALLOFED 100 X 25,GCOM ALLOFED 100,Uni,"240.000,00"
20005.04 GBLI ALLOFED 300 X 14,GCOM ALLOFED 300,Uni,"120.000,00"
20006.04 GBLI BETIVER 16 X 20,GCOM BETIVER 16,Uni,"252.000,00"
20007.04 GBLI BETIVER 24 X 10,GCOM BETIVER 24,Uni,"40.000,00"
20008.04 GBLI BUPRIL SR X 10,GCOR BUPRIL SR,Uni,"166.666,00"
20013.04 GBLI CARVEDIL 25 X 10,GCOM CARVEDIL 25,Uni,"200.000,00"
20059.04 GBLI QUETIAPINA NOAS 25 X 15,GCOR QUETIAPINA NOAS 25,Uni,"50.000,00"
20060.04 GBLI QUETIAPINA NOAS 100 X 15,GCOR QUETIAPINA NOAS 100,Uni,"50.000,00"
20046.04 GBLI TERLADEP X 10,GCOR TERLADEP,Uni,"133.300,00"
20042.03 GCOR NOASARTÁN 150,IRBESARTAN,g,"6.000,00"
20042.03 GCOR NOASARTÁN 150,STARCH 1500,g,"1.600,00"
20042.03 GCOR NOASARTÁN 150,LACTOSA MONOHIDRATO MALLA 200,g,"7.480,00"
20042.03 GCOR NOASARTÁN 150,PVP K30,g,"480,00"
20042.03 GCOR NOASARTÁN 150,ESTEARATO DE MAGNESIO,g,"120,00"
20042.03 GCOR NOASARTÁN 150,VIVASOL GF,g,"320,00"
20042.03 GCOR NOASARTÁN 150,ALCOHOL,L,"5,55"
20042.03 GCOR NOASARTÁN 150,VIVACOAT A,g,"600,00"
20042.03 GCOR NOASARTÁN 150,AGUA PURIFICADA TERCERISTA,L,"2,04"
20024.04 GBLI EVRY 0.8 X 20,GCOM EVRY 0.8,Uni,"300.000,00"
20026.04 GBLI FIBROLIP X 10,GCAP FIBROLIP,Uni,"100.000,00"
20028.04 GBLI FLUIDASA CÁPSULAS X 10,GCAP FLUIDASA CÁPSULAS,Uni,"150.000,00"
20042.04 GBLI NOASARTÁN 150 X 14,GCOR NOASARTÁN 150,Uni,"40.000,00"
20043.04 GBLI NOASARTÁN 300 X 14,GCOR NOASARTÁN 300,Uni,"40.000,00"
20045.04 GBLI RYTMOL 300 X 10,GCOR RYTMOL 300,Uni,"166.667,00"
30061 AGOMET X 10 COMPRIMIDOS,GBLI AGOMET X 10,Uni,"1,00"
30061 AGOMET X 10 COMPRIMIDOS,PROSPECTO AGOMET,Uni,"1,00"
30061 AGOMET X 10 COMPRIMIDOS,ESTUCHE AGOMET X 10 COMPRIMIDOS,Uni,"1,00"
30062 AGOMET X 30 COMPRIMIDOS,GBLI AGOMET X 10,Uni,"3,00"
30062 AGOMET X 30 COMPRIMIDOS,PROSPECTO AGOMET,Uni,"1,00"
30062 AGOMET X 30 COMPRIMIDOS,ESTUCHE AGOMET X 30 COMPRIMIDOS,Uni,"1,00"
30003 ALLOFED 100 X 25 COMPRIMIDOS,GBLI ALLOFED 100 X 25,Uni,"1,00"
30003 ALLOFED 100 X 25 COMPRIMIDOS,PROSPECTO ALLOFED,Uni,"1,00"
30003 ALLOFED 100 X 25 COMPRIMIDOS,ESTUCHE ALLOFED 100 X 25 COMPRIMIDOS,Uni,"1,00"
30004 ALLOFED 100 X 50 COMPRIMIDOS,GBLI ALLOFED 100 X 25,Uni,"2,00"
30004 ALLOFED 100 X 50 COMPRIMIDOS,PROSPECTO ALLOFED,Uni,"1,00"
30004 ALLOFED 100 X 50 COMPRIMIDOS,ESTUCHE ALLOFED 100 X 50 COMPRIMIDOS,Uni,"1,00"
30005 ALLOFED 300 X 14 COMPRIMIDOS,GBLI ALLOFED 300 X 14,Uni,"1,00"
30005 ALLOFED 300 X 14 COMPRIMIDOS,PROSPECTO ALLOFED,Uni,"1,00"
30005 ALLOFED 300 X 14 COMPRIMIDOS,ESTUCHE ALLOFED 300 X 14 COMPRIMIDOS,Uni,"1,00"
30006 BETIVER 16 X 20 COMPRIMIDOS,GBLI BETIVER 16 X 20,Uni,"1,00"
30006 BETIVER 16 X 20 COMPRIMIDOS,PROSPECTO BETIVER,Uni,"1,00"
30006 BETIVER 16 X 20 COMPRIMIDOS,ESTUCHE BETIVER 16 X 20 COMPRIMIDOS,Uni,"1,00"
30008 BUPRIL SR X 10 COMPRIMIDOS,GBLI BUPRIL SR X 10,Uni,"1,00"
30008 BUPRIL SR X 10 COMPRIMIDOS,PROSPECTO BUPRIL SR,Uni,"1,00"
30008 BUPRIL SR X 10 COMPRIMIDOS,ESTUCHE BUPRIL SR X 10 COMPRIMIDOS,Uni,"1,00"
30009 BUPRIL SR X 30 COMPRIMIDOS,GBLI BUPRIL SR X 10,Uni,"3,00"
30009 BUPRIL SR X 30 COMPRIMIDOS,PROSPECTO BUPRIL SR,Uni,"1,00"
30009 BUPRIL SR X 30 COMPRIMIDOS,ESTUCHE BUPRIL SR X 30 COMPRIMIDOS,Uni,"1,00"
30013 CARVEDIL 25 X 10 COMPRIMIDOS,GBLI CARVEDIL 25 X 10,Uni,"1,00"
30013 CARVEDIL 25 X 10 COMPRIMIDOS,PROSPECTO CARVEDIL,Uni,"1,00"
30013 CARVEDIL 25 X 10 COMPRIMIDOS,ESTUCHE CARVEDIL 25 X 10 COMPRIMIDOS,Uni,"1,00"
30014 CARVEDIL 25 X 30 COMPRIMIDOS,GBLI CARVEDIL 25 X 10,Uni,"3,00"
30014 CARVEDIL 25 X 30 COMPRIMIDOS,PROSPECTO CARVEDIL,Uni,"1,00"
30014 CARVEDIL 25 X 30 COMPRIMIDOS,ESTUCHE CARVEDIL 25 X 30 COMPRIMIDOS,Uni,"1,00"
30015 CILOZOL 100 X 30 COMPRIMIDOS,GBLI CILOZOL 100 X 10,Uni,"3,00"
30015 CILOZOL 100 X 30 COMPRIMIDOS,PROSPECTO CILOZOL,Uni,"1,00"
30015 CILOZOL 100 X 30 COMPRIMIDOS,ESTUCHE CILOZOL 100 X 30 COMPRIMIDOS,Uni,"1,00"
30018 CIPRAM S20 X 14 COMPRIMIDOS,GBLI CIPRAM S20 X 14,Uni,"1,00"
30018 CIPRAM S20 X 14 COMPRIMIDOS,PROSPECTO CIPRAM S,Uni,"1,00"
30018 CIPRAM S20 X 14 COMPRIMIDOS,ESTUCHE CIPRAM S20 X 14 COMPRIMIDOS,Uni,"1,00"
30019 CIPRAM S20 X 28 COMPRIMIDOS,GBLI CIPRAM S20 X 14,Uni,"2,00"
30019 CIPRAM S20 X 28 COMPRIMIDOS,PROSPECTO CIPRAM S,Uni,"1,00"
30019 CIPRAM S20 X 28 COMPRIMIDOS,ESTUCHE CIPRAM S20 X 28 COMPRIMIDOS,Uni,"1,00"
30024 EVRY 0.8 X 20 COMPRIMIDOS,GBLI EVRY 0.8 X 20,Uni,"1,00"
30024 EVRY 0.8 X 20 COMPRIMIDOS,PROSPECTO EVRY,Uni,"1,00"
30024 EVRY 0.8 X 20 COMPRIMIDOS,ESTUCHE EVRY 0.8 X 20 COMPRIMIDOS,Uni,"1,00"
30026 FIBROLIP X 10 CÁPSULAS,GBLI FIBROLIP X 10,Uni,"1,00"
30026 FIBROLIP X 10 CÁPSULAS,PROSPECTO FIBROLIP,Uni,"1,00"
30026 FIBROLIP X 10 CÁPSULAS,ESTUCHE FIBROLIP X 10 CÁPSULAS,Uni,"1,00"
30027 FIBROLIP X 30 CÁPSULAS,GBLI FIBROLIP X 10,Uni,"3,00"
30027 FIBROLIP X 30 CÁPSULAS,PROSPECTO FIBROLIP,Uni,"1,00"
30027 FIBROLIP X 30 CÁPSULAS,ESTUCHE FIBROLIP X 30 CÁPSULAS,Uni,"1,00"
30028 FLUIDASA X 20 CÁPSULAS,GBLI FLUIDASA CÁPSULAS X 10,Uni,"2,00"
30028 FLUIDASA X 20 CÁPSULAS,PROSPECTO FLUIDASA,uni,"1,00"
30028 FLUIDASA X 20 CÁPSULAS,ESTUCHE FLUIDASA X 20 CÁPSULAS,Uni,"1,00"
30030 FLUIDASA SOL. X 150 ML,GFRA FLUIDASA SOLUCIÓN X 150 mL,Uni,"1,00"
30030 FLUIDASA SOL. X 150 ML,PROSPECTO FLUIDASA,uni,"1,00"
30030 FLUIDASA SOL. X 150 ML,ESTUCHE FLUIDASA SOL. X 150 mL,Uni,"1,00"
30030 FLUIDASA SOL. X 150 ML,ETIQUETA FLUIDASA SOLUCIÓN X 150 mL,Uni,"1,00"
30030 FLUIDASA SOL. X 150 ML,COPITA DOSIFICADORA PET 15 mL,Uni,"1,00"
30034 LACTULAX X 120 ML SOLUCIÓN,GFRA LACTULAX X 120 mL,Uni,"1,00"
30034 LACTULAX X 120 ML SOLUCIÓN,PROSPECTO LACTULAX,Uni,"1,00"
30034 LACTULAX X 120 ML SOLUCIÓN,ESTUCHE LACTULAX X 120 mL SOLUCIÓN,Uni,"1,00"
30034 LACTULAX X 120 ML SOLUCIÓN,ETIQUETA LACTULAX X 120 mL,Uni,"1,00"
30034 LACTULAX X 120 ML SOLUCIÓN,COPITA DOSIFICADORA PET 15 mL,Uni,"1,00"
30035 LACTULAX X 250 ML SOLUCIÓN,GFRA LACTULAX X 250 mL,Uni,"1,00"
30035 LACTULAX X 250 ML SOLUCIÓN,PROSPECTO LACTULAX,Uni,"1,00"
30035 LACTULAX X 250 ML SOLUCIÓN,ESTUCHE LACTULAX X 250 mL SOLUCIÓN,Uni,"1,00"
30035 LACTULAX X 250 ML SOLUCIÓN,ETIQUETA LACTULAX X 250 mL,Uni,"1,00"
30035 LACTULAX X 250 ML SOLUCIÓN,COPITA DOSIFICADORA PET 15 mL,Uni,"1,00"
30042 NOASARTAN 150 X 14 COMPRIMIDOS,GBLI NOASARTÁN 150 X 14,Uni,"1,00"
30042 NOASARTAN 150 X 14 COMPRIMIDOS,PROSPECTO NOASARTAN,Uni,"1,00"
30042 NOASARTAN 150 X 14 COMPRIMIDOS,ESTUCHE NOASARTAN 150 X 14 COMPRIMIDOS,Uni,"1,00"
30043 NOASARTAN 300 X 14 COMPRIMIDOS,GBLI NOASARTÁN 300 X 14,Uni,"1,00"
30043 NOASARTAN 300 X 14 COMPRIMIDOS,PROSPECTO NOASARTAN,Uni,"1,00"
30043 NOASARTAN 300 X 14 COMPRIMIDOS,ESTUCHE NOASARTAN 300 X 14 COMPRIMIDOS,Uni,"1,00"
30059 QUETIAPINA NOAS 25 X 30 COMPRIMIDOS,GBLI QUETIAPINA NOAS 25 X 15,Uni,"2,00"
30059 QUETIAPINA NOAS 25 X 30 COMPRIMIDOS,PROSPECTO QUETIAPINA NOAS,Uni,"1,00"
30059 QUETIAPINA NOAS 25 X 30 COMPRIMIDOS,ESTUCHE QUETIAPINA 25 NOAS X 30 COMPRIMIDOS,Uni,"1,00"
30060 QUETIAPINA NOAS 100 X 30 COMPRIMIDOS,GBLI QUETIAPINA NOAS 100 X 15,Uni,"2,00"
30060 QUETIAPINA NOAS 100 X 30 COMPRIMIDOS,PROSPECTO QUETIAPINA NOAS,Uni,"1,00"
30060 QUETIAPINA NOAS 100 X 30 COMPRIMIDOS,ESTUCHE QUETIAPINA 100 NOAS X 30 COMPRIMIDOS,Uni,"1,00"
30045 RYTMOL 300 X 20 COMPRIMIDOS,GBLI RYTMOL 300 X 10,Uni,"2,00"
30045 RYTMOL 300 X 20 COMPRIMIDOS,PROSPECTO RYTMOL,Uni,"1,00"
30045 RYTMOL 300 X 20 COMPRIMIDOS,ESTUCHE RYTMOL 300 X 20 COMPRIMIDOS,Uni,"1,00"
30046 TERLADEP X 10 COMPRIMIDOS,GBLI TERLADEP X 10,Uni,"1,00"
30046 TERLADEP X 10 COMPRIMIDOS,PROSPECTO TERLADEP,Uni,"1,00"
30046 TERLADEP X 10 COMPRIMIDOS,ESTUCHE TERLADEP X 10 COMPRIMIDOS,Uni,"1,00"
30047 TERLADEP X 30 COMPRIMIDOS,GBLI TERLADEP X 10,Uni,"3,00"
30047 TERLADEP X 30 COMPRIMIDOS,PROSPECTO TERLADEP,Uni,"1,00"
30047 TERLADEP X 30 COMPRIMIDOS,ESTUCHE TERLADEP X 30 COMPRIMIDOS,Uni,"1,00"
30002 ADEPROST 50 X 10 COMPRIMIDOS,GBLI ADEPROST 50 X 10,Uni,"1,00"
30002 ADEPROST 50 X 10 COMPRIMIDOS,ESTUCHE ADEPROST 50 X 10 COMP,uni,"1,00"
30002 ADEPROST 50 X 10 COMPRIMIDOS,PROSPECTO ADEPROST,uni,"1,00"
30054 URALYT X 140 G GRANULADO,GFRA URALYT X 140 g,Uni,"1,00"
30054 URALYT X 140 G GRANULADO,PROSPECTO URALYT,Uni,"1,00"
30054 URALYT X 140 G GRANULADO,ESTUCHE URALYT X 140 G GRANULADO,Uni,"1,00"
30054 URALYT X 140 G GRANULADO,ETIQUETA URALYT X 140 g,uni,"1,00"
30054 URALYT X 140 G GRANULADO,CUCHARITA 2.5 g,Uni,"1,00"
30007 BETIVER 24 X 20 COMPRIMIDOS,GBLI BETIVER 24 X 10,Uni,"2,00"
30007 BETIVER 24 X 20 COMPRIMIDOS,PROSPECTO BETIVER,Uni,"1,00"
30007 BETIVER 24 X 20 COMPRIMIDOS,ESTUCHE BETIVER 24 X 20 COMPRIMIDOS,Uni,"1,00"
30010 CALERNID 10 X 14 COMPRIMIDOS,GBLI CALERNID 10 X 14,Uni,"1,00"
30010 CALERNID 10 X 14 COMPRIMIDOS,PROSPECTO CALERNID,Uni,"1,00"
30010 CALERNID 10 X 14 COMPRIMIDOS,ESTUCHE CALERNID 10 X 14 COMPRIMIDOS,Uni,"1,00"
30011 CALERNID 10 X 28 COMPRIMIDOS,GBLI CALERNID 10 X 14,Uni,"2,00"
30011 CALERNID 10 X 28 COMPRIMIDOS,PROSPECTO CALERNID,Uni,"1,00"
30011 CALERNID 10 X 28 COMPRIMIDOS,ESTUCHE CALERNID 10 X 28 COMPRIMIDOS,Uni,"1,00"
30016 CIPRAM S10 X 14 COMPRIMIDOS,GBLI CIPRAM S10 X 14,Uni,"1,00"
30016 CIPRAM S10 X 14 COMPRIMIDOS,PROSPECTO CIPRAM S,Uni,"1,00"
30016 CIPRAM S10 X 14 COMPRIMIDOS,ESTUCHE CIPRAM S10 X 14 COMPRIMIDOS,Uni,"1,00"
30017 CIPRAM S10 X 28 COMPRIMIDOS,GBLI CIPRAM S10 X 14,Uni,"2,00"
30017 CIPRAM S10 X 28 COMPRIMIDOS,PROSPECTO CIPRAM S,Uni,"1,00"
30017 CIPRAM S10 X 28 COMPRIMIDOS,ESTUCHE CIPRAM S10 X 28 COMPRIMIDOS,Uni,"1,00"
30020 CLOPIGREL X 10 COMPRIMIDOS,GBLI CLOPIGREL X 10,Uni,"1,00"
30020 CLOPIGREL X 10 COMPRIMIDOS,PROSPECTO CLOPIGREL,Uni,"1,00"
30020 CLOPIGREL X 10 COMPRIMIDOS,ESTUCHE CLOPIGREL X 10 COMPRIMIDOS,Uni,"1,00"
30021 CLOPIGREL X 20 COMPRIMIDOS,GBLI CLOPIGREL X 10,Uni,"2,00"
30021 CLOPIGREL X 20 COMPRIMIDOS,PROSPECTO CLOPIGREL,Uni,"1,00"
30021 CLOPIGREL X 20 COMPRIMIDOS,ESTUCHE CLOPIGREL X 20 COMPRIMIDOS,Uni,"1,00"
30025 EVRY 10 X 20 COMPRIMIDOS,GBLI EVRY 10 X 10,Uni,"2,00"
30025 EVRY 10 X 20 COMPRIMIDOS,PROSPECTO EVRY,Uni,"1,00"
30025 EVRY 10 X 20 COMPRIMIDOS,ESTUCHE EVRY 10 X 20 COMPRIMIDOS,Uni,"1,00"
30031 GALTAMIN 8 X 14 COMPRIMIDOS,GBLI GALTAMIN 8 X 14,Uni,"1,00"
30031 GALTAMIN 8 X 14 COMPRIMIDOS,PROSPECTO GALTAMIN,Uni,"1,00"
30031 GALTAMIN 8 X 14 COMPRIMIDOS,ESTUCHE GALTAMIN 8 X 14 COMPRIMIDOS,Uni,"1,00"
30032 GALTAMIN 8 X 28 COMPRIMIDOS,GBLI GALTAMIN 8 X 14,Uni,"2,00"
30032 GALTAMIN 8 X 28 COMPRIMIDOS,ESTUCHE GALTAMIN 8 X 28 COMPRIMIDOS,Uni,"1,00"
30032 GALTAMIN 8 X 28 COMPRIMIDOS,PROSPECTO GALTAMIN,Uni,"1,00"
30036 LESTEROL 10 X 14 COMPRIMIDOS,GBLI LESTEROL 10 X 14,Uni,"1,00"
30036 LESTEROL 10 X 14 COMPRIMIDOS,PROSPECTO LESTEROL,Uni,"1,00"
30036 LESTEROL 10 X 14 COMPRIMIDOS,ESTUCHE LESTEROL 10 X 14 COMPRIMIDOS,Uni,"1,00"
30037 LESTEROL 10 X 28 COMPRIMIDOS,GBLI LESTEROL 10 X 14,Uni,"2,00"
30037 LESTEROL 10 X 28 COMPRIMIDOS,PROSPECTO LESTEROL,Uni,"1,00"
30037 LESTEROL 10 X 28 COMPRIMIDOS,ESTUCHE LESTEROL 10 X 28 COMPRIMIDOS,Uni,"1,00"
30038 LESTEROL 20 X 14 COMPRIMIDOS,GBLI LESTEROL 20 X 14,Uni,"1,00"
30038 LESTEROL 20 X 14 COMPRIMIDOS,PROSPECTO LESTEROL,Uni,"1,00"
30038 LESTEROL 20 X 14 COMPRIMIDOS,ESTUCHE LESTEROL 20 X 14 COMPRIMIDOS,Uni,"1,00"
30039 LESTEROL 20 X 28 COMPRIMIDOS,GBLI LESTEROL 20 X 14,Uni,"2,00"
30039 LESTEROL 20 X 28 COMPRIMIDOS,PROSPECTO LESTEROL,Uni,"1,00"
30039 LESTEROL 20 X 28 COMPRIMIDOS,ESTUCHE LESTEROL 20 X 28 COMPRIMIDOS,Uni,"1,00"
30057 LESTEROL 40 X 14 COMPRIMIDOS,GBLI LESTEROL 40 X 14,Uni,"1,00"
30057 LESTEROL 40 X 14 COMPRIMIDOS,PROSPECTO LESTEROL,Uni,"1,00"
30057 LESTEROL 40 X 14 COMPRIMIDOS,ESTUCHE LESTEROL 40 X 14 COMPRIMIDOS,Uni,"1,00"
30058 LESTEROL 40 X 28 COMPRIMIDOS,GBLI LESTEROL 40 X 14,Uni,"2,00"
30058 LESTEROL 40 X 28 COMPRIMIDOS,PROSPECTO LESTEROL,Uni,"1,00"
30058 LESTEROL 40 X 28 COMPRIMIDOS,ESTUCHE LESTEROL 40 X 28 COMPRIMIDOS,Uni,"1,00"
30040 MONKAST 10 X 10 COMPRIMIDOS,GBLI MONKAST 10 X 10,Uni,"1,00"
30040 MONKAST 10 X 10 COMPRIMIDOS,PROSPECTO MONKAST,Uni,"1,00"
30040 MONKAST 10 X 10 COMPRIMIDOS,ESTUCHE MONKAST 10 X 10 COMPRIMIDOS,Uni,"1,00"
30041 MONKAST 10 X 30 COMPRIMIDOS,GBLI MONKAST 10 X 10,Uni,"3,00"
30041 MONKAST 10 X 30 COMPRIMIDOS,PROSPECTO MONKAST,Uni,"1,00"
30041 MONKAST 10 X 30 COMPRIMIDOS,ESTUCHE MONKAST 10 X 30 COMPRIMIDOS,Uni,"1,00"
30051 TOPILEP 25 X 28 COMPRIMIDOS,GBLI TOPILEP 25 X 14,Uni,"2,00"
30051 TOPILEP 25 X 28 COMPRIMIDOS,PROSPECTO TOPILEP,Uni,"1,00"
30051 TOPILEP 25 X 28 COMPRIMIDOS,ESTUCHE TOPILEP 25 X 28 COMPRIMIDOS,Uni,"1,00"
30052 TOPILEP 50 X 28 COMPRIMIDOS,GBLI TOPILEP 50 X 14,Uni,"2,00"
30052 TOPILEP 50 X 28 COMPRIMIDOS,PROSPECTO TOPILEP,Uni,"1,00"
30052 TOPILEP 50 X 28 COMPRIMIDOS,ESTUCHE TOPILEP 50 X 28 COMPRIMIDOS,Uni,"1,00"
30053 TOPILEP 100 X 28 COMPRIMIDOS,GBLI TOPILEP 100 X 14,Uni,"2,00"
30053 TOPILEP 100 X 28 COMPRIMIDOS,PROSPECTO TOPILEP,Uni,"1,00"
30053 TOPILEP 100 X 28 COMPRIMIDOS,ESTUCHE TOPILEP 100 X 28 COMPRIMIDOS,Uni,"1,00"
30012 CARVEDIL 12.5 X 20 COMPRIMIDOS,GBLI CARVEDIL 12.5 X 10,Uni,"2,00"
30012 CARVEDIL 12.5 X 20 COMPRIMIDOS,ESTUCHE CARVEDIL 12.5 X 20 COMPRIMIDOS,Uni,"1,00"
30012 CARVEDIL 12.5 X 20 COMPRIMIDOS,PROSPECTO CARVEDIL,Uni,"1,00"
30029 FLUIDASA GOTAS X 30 ML,GFRA FLUIDASA GOTAS x 30 mL,uni,"1,00"
30029 FLUIDASA GOTAS X 30 ML,PROSPECTO FLUIDASA,uni,"1,00"
30029 FLUIDASA GOTAS X 30 ML,ESTUCHE FLUIDASA GOTAS X 30 mL,Uni,"1,00"
30029 FLUIDASA GOTAS X 30 ML,ETIQUETA FLUIDASA GOTAS X 30 mL,Uni,"1,00"
20066.03 GCOR RIVAROX 15,RIVAROXABAN,g,"750,00"
20066.03 GCOR RIVAROX 15,VIVAPUR PH 200,g,"4.075,00"
20066.03 GCOR RIVAROX 15,LACTOSA SUPERTAB® 11SD AUTOCOMPRESIBLE,g,"2.915,00"
20066.03 GCOR RIVAROX 15,VIVASOL GF,g,"300,00"
20066.03 GCOR RIVAROX 15,VIVAPHARM E 5,g,"300,00"
20066.03 GCOR RIVAROX 15,ESTEARATO DE MAGNESIO,g,"60,00"
20066.03 GCOR RIVAROX 15,LAURIL SULFATO DE SODIO POLVO,g,"100,00"
20066.03 GCOR RIVAROX 15,VIVACOAT A,g,"643,50"
20066.03 GCOR RIVAROX 15,ÓXIDO DE HIERRO ROJO,g,"6,50"
20066.03 GCOR RIVAROX 15,ALCOHOL,L,"1,76"
20066.03 GCOR RIVAROX 15,AGUA PURIFICADA TERCERISTA,L,"1,76"
20068.03 GCOR RIVAROX 20,RIVAROXABAN,g,"1.000,00"
20068.03 GCOR RIVAROX 20,VIVAPUR PH 200,g,"3.950,00"
20068.03 GCOR RIVAROX 20,LACTOSA SUPERTAB® 11SD AUTOCOMPRESIBLE,g,"2.790,00"
20068.03 GCOR RIVAROX 20,VIVASOL GF,g,"300,00"
20068.03 GCOR RIVAROX 20,VIVAPHARM E 5,g,"300,00"
20068.03 GCOR RIVAROX 20,ESTEARATO DE MAGNESIO,g,"60,00"
20068.03 GCOR RIVAROX 20,LAURIL SULFATO DE SODIO POLVO,g,"100,00"
20068.03 GCOR RIVAROX 20,VIVACOAT A,g,"585,00"
20068.03 GCOR RIVAROX 20,ÓXIDO DE HIERRO ROJO,g,"65,00"
20068.03 GCOR RIVAROX 20,AGUA PURIFICADA TERCERISTA,L,"1,76"
20068.03 GCOR RIVAROX 20,ALCOHOL,L,"1,76"
20070.03 GCOR SUGREL,PRASUGREL CLORHIDRATO,g,"549,00"
20070.03 GCOR SUGREL,MANITOL CD,g,"3.996,00"
20070.03 GCOR SUGREL,VIVAPUR PH 200,g,"2.580,00"
20070.03 GCOR SUGREL,VIVASOL GF,g,"300,00"
20070.03 GCOR SUGREL,ESTEARATO DE MAGNESIO,g,"75,00"
20070.03 GCOR SUGREL,VIVACOAT A,g,"496,00"
20070.03 GCOR SUGREL,LACA AZUL ÍNDIGO CARMÍN FD&C #2,g,"4,00"
20070.03 GCOR SUGREL,AGUA PURIFICADA TERCERISTA,L,"1,75"
20070.03 GCOR SUGREL,ALCOHOL,L,"1,75"
20070.04 GBLI SUGREL X 10 COMPRIMIDOS,GCOR SUGREL,uni,"50.000,00"
30070 SUGREL X 10 COMPRIMIDOS,GBLI SUGREL X 10 COMPRIMIDOS,uni,"1,00"
30070 SUGREL X 10 COMPRIMIDOS,PROSPECTO SUGREL,uni,"1,00"
30070 SUGREL X 10 COMPRIMIDOS,ESTUCHE SUGREL X 10 COMPRIMIDOS,uni,"1,00"
30071 SUGREL X 30 COMPRIMIDOS,GBLI SUGREL X 10 COMPRIMIDOS,uni,"3,00"
30071 SUGREL X 30 COMPRIMIDOS,PROSPECTO SUGREL,uni,"1,00"
30071 SUGREL X 30 COMPRIMIDOS,ESTUCHE SUGREL X 30 COMPRIMIDOS,uni,"1,00"
33001 DERMANUTRIX COLÁGENO BEBIBLE 15 g CAJA x 14 SACHETS,GSOB DERMANUTRIX x 15 g CAJA x 14 SACHETS,uni,"1,00"
34001 MM DERMANUTRIX COLÁGENO BEBIBLE 15 g SACHET,GSOB MM DERMANUTRIX x 15 g SACHET,uni,"1,00"
34001 MM DERMANUTRIX COLÁGENO BEBIBLE 15 g SACHET,ETIQUETA MM DERMANUTRIX x 15 g SACHET,uni,"1,00"
20066.04 GBLI RIVAROX 15 x 14,GCOR RIVAROX 15,uni,"4.998,00"
20068.04 GBLI RIVAROX 20 x14,GCOR RIVAROX 20,uni,"4.998,00"
32P01279 MM ALPHA KM CORPORAL x 5 mL,ETIQUETA MM ALPHA KM CORPORAL x 5 mL,uni,"1,00"
32P01279 MM ALPHA KM CORPORAL x 5 mL,GCOS MM ALPHA KM CORPORAL x 5 mL,uni,"1,00"
30068 RIVAROX 20 x 14 COMPRIMIDOS,GBLI RIVAROX 20 x14,uni,"1,00"
30068 RIVAROX 20 x 14 COMPRIMIDOS,PROSPECTO RIVAROX,uni,"1,00"
30068 RIVAROX 20 x 14 COMPRIMIDOS,ESTUCHE RIVAROX 20 x 14 COMPRIMIDOS,uni,"1,00"
30069 RIVAROX 20 x 28 COMPRIMIDOS,GBLI RIVAROX 20 x14,uni,"2,00"
30069 RIVAROX 20 x 28 COMPRIMIDOS,PROSPECTO RIVAROX,uni,"1,00"
30069 RIVAROX 20 x 28 COMPRIMIDOS,ESTUCHE RIVAROX 20 x 28 COMPRIMIDOS,uni,"1,00"
300066 RIVAROX 15 x 14 COMPRIMIDOS,GBLI RIVAROX 15 x 14,uni,"1,00"
300066 RIVAROX 15 x 14 COMPRIMIDOS,ESTUCHE RIVAROX 15 x 14 COMPRIMIDOS,uni,"1,00"
300066 RIVAROX 15 x 14 COMPRIMIDOS,PROSPECTO RIVAROX,uni,"1,00"
30067 RIVAROX 15 x 28 COMPRIMIDOS,GBLI RIVAROX 15 x 14,uni,"2,00"
30067 RIVAROX 15 x 28 COMPRIMIDOS,ESTUCHE RIVAROX 15 x 28 COMPRIMIDOS,uni,"1,00"
30067 RIVAROX 15 x 28 COMPRIMIDOS,PROSPECTO RIVAROX,uni,"1,00"
20065.02 GFRA MM FLUIDASA SOLUCIÓN X 50 mL,MEPIFILINA,g,"1.500,00"
20065.02 GFRA MM FLUIDASA SOLUCIÓN X 50 mL,NIPAGIN,g,"90,00"
20065.02 GFRA MM FLUIDASA SOLUCIÓN X 50 mL,NIPASOL,g,"30,00"
20065.02 GFRA MM FLUIDASA SOLUCIÓN X 50 mL,SACARINA SÓDICA,g,"60,00"
20065.02 GFRA MM FLUIDASA SOLUCIÓN X 50 mL,ESENCIA DE VAINILLA LÍQUIDA,L,"0,02"
20065.02 GFRA MM FLUIDASA SOLUCIÓN X 50 mL,SORBITOL SOLUCIÓN AL 70%,g,"117.000,00"
20065.02 GFRA MM FLUIDASA SOLUCIÓN X 50 mL,AGUA PURIFICADA TERCERISTA,L,"210,00"
20065.02 GFRA MM FLUIDASA SOLUCIÓN X 50 mL,FRASCO PET ÁMBAR 60 CC BOCA 28,Uni,"6.000,00"
20065.02 GFRA MM FLUIDASA SOLUCIÓN X 50 mL,TAPA BLANCA PARA FRASCO BOCA 28,Uni,"6.000,00"
32065 MM FLUIDASA SOLUCIÓN X 50 mL,GFRA MM FLUIDASA SOLUCIÓN X 50 mL,uni,"1,00"
32065 MM FLUIDASA SOLUCIÓN X 50 mL,ETIQUETA MM FLUIDASA SOLUCIÓN X 50 mL,uni,"1,00"
32065 MM FLUIDASA SOLUCIÓN X 50 mL,COPITA DOSIFICADORA PET 15 mL,Uni,"1,00"
32065 MM FLUIDASA SOLUCIÓN X 50 mL,PROSPECTO FLUIDASA,uni,"1,00"
32065 MM FLUIDASA SOLUCIÓN X 50 mL,ESTUCHE MM FLUIDASA SOLUCIÓN x 50 mL,uni,"1,00"
2000607 GPOL BETIVER MEZCLA COMÚN 16-24,BETAHISTINA CLORHIDRATO,g,"4.992,00"
2000607 GPOL BETIVER MEZCLA COMÚN 16-24,VIVAPUR PH 200,g,"49.670,00"
2000607 GPOL BETIVER MEZCLA COMÚN 16-24,STARCH 1500,g,"17.472,00"
2000607 GPOL BETIVER MEZCLA COMÚN 16-24,AEROSIL 200,g,"374,00"
2000607 GPOL BETIVER MEZCLA COMÚN 16-24,LAURIL SULFATO DE SODIO POLVO,g,"374,00"
2000607 GPOL BETIVER MEZCLA COMÚN 16-24,VIVASOL GF,g,"1.498,00"
2000607 GPOL BETIVER MEZCLA COMÚN 16-24,ESTEARATO DE MAGNESIO,g,"500,00"
20006.02 GCOM BETIVER 16,GPOL BETIVER MEZCLA COMÚN 16-24,Kg,"60,48"
20007.02 GCOM BETIVER 24,GPOL BETIVER MEZCLA COMÚN 16-24,Kg,"14,40"
31P01686 ALPHA KM CUIDADO CORPORAL REAFIRMANTE x 200 mL,GCOS ALPHA KM CUIDADO CORPORAL REAFIRMANTE x 200 mL,uni,"1,00"
31P01686 ALPHA KM CUIDADO CORPORAL REAFIRMANTE x 200 mL,ETIQUETA ALPHA KM CUIDADO CORPORAL REAFIRMANTE x 200 mL,uni,"1,00"